{"cameraMode":{"drawMode":0,"name":"Shaded","section":"Shading Mode"},"sceneLighting":false,"audioPlay":false,"sceneViewState":{"showFog":true,"showMaterialUpdate":false,"showSkybox":true,"showFlares":true,"showImageEffects":true,"showParticleSystems":true},"in2DMode":false,"pivot":{"x":17.287080764770509,"y":-1.904841661453247,"z":-4.139588356018066},"rotation":{"x":-0.13033635914325715,"y":-0.6149060726165772,"z":0.10397686809301377,"w":-0.7707735300064087},"size":22.0,"orthographic":false}