{"cameraMode":{"drawMode":0,"name":"Shaded","section":"Shading Mode"},"sceneLighting":false,"audioPlay":false,"sceneViewState":{"showFog":true,"showMaterialUpdate":false,"showSkybox":true,"showFlares":true,"showImageEffects":true,"showParticleSystems":true},"in2DMode":false,"pivot":{"x":0.6657781600952148,"y":-0.010780618526041508,"z":0.5414097309112549},"rotation":{"x":0.0019078511977568269,"y":-0.6456909775733948,"z":-0.0016140115913003684,"w":-0.7635948061943054},"size":2.8578836917877199,"orthographic":false}