{"cameraMode":{"drawMode":0,"name":"Shaded","section":"Shading Mode"},"sceneLighting":false,"audioPlay":false,"sceneViewState":{"showFog":true,"showMaterialUpdate":false,"showSkybox":true,"showFlares":true,"showImageEffects":true,"showParticleSystems":true},"in2DMode":false,"pivot":{"x":3.8636398315429689,"y":2.989771842956543,"z":-3.904937505722046},"rotation":{"x":0.10305510461330414,"y":0.6704134345054627,"z":-0.09481815993785858,"w":0.7286528944969177},"size":23.203771591186525,"orthographic":false}