{"cameraMode":{"drawMode":0,"name":"Shaded","section":"Shading Mode"},"sceneLighting":false,"audioPlay":false,"sceneViewState":{"showFog":true,"showMaterialUpdate":false,"showSkybox":true,"showFlares":true,"showImageEffects":true,"showParticleSystems":true},"in2DMode":false,"pivot":{"x":18.103559494018556,"y":-33.36594772338867,"z":56.71053695678711},"rotation":{"x":-0.052497997879981998,"y":-0.01283204648643732,"z":0.000673305825330317,"w":-0.9985383749008179},"size":2.8578836917877199,"orthographic":false}