{"cameraMode":{"drawMode":0,"name":"Shaded","section":"Shading Mode"},"sceneLighting":false,"audioPlay":false,"sceneViewState":{"showFog":true,"showMaterialUpdate":false,"showSkybox":true,"showFlares":true,"showImageEffects":true,"showParticleSystems":true},"in2DMode":false,"pivot":{"x":446.5367431640625,"y":158.76780700683595,"z":15.380558967590332},"rotation":{"x":-0.037482719868421558,"y":0.020983435213565828,"z":-0.0007868848624639213,"w":-0.9990766644477844},"size":660.7031860351563,"orthographic":false}