{"cameraMode":{"drawMode":0,"name":"Shaded","section":"Shading Mode"},"sceneLighting":false,"audioPlay":false,"sceneViewState":{"showFog":true,"showMaterialUpdate":false,"showSkybox":true,"showFlares":true,"showImageEffects":true,"showParticleSystems":true},"in2DMode":false,"pivot":{"x":7.849999904632568,"y":1.7999999523162842,"z":-20.479999542236329},"rotation":{"x":0.03374100103974342,"y":-0.8250073790550232,"z":-0.04953904449939728,"w":-0.5619344115257263},"size":1.245234489440918,"orthographic":false}