{"cameraMode":{"drawMode":0,"name":"Shaded","section":"Shading Mode"},"sceneLighting":false,"audioPlay":false,"sceneViewState":{"showFog":true,"showMaterialUpdate":false,"showSkybox":true,"showFlares":true,"showImageEffects":true,"showParticleSystems":true},"in2DMode":false,"pivot":{"x":0.4989110231399536,"y":0.4507105350494385,"z":-0.05338035523891449},"rotation":{"x":0.024730924516916276,"y":0.5656248927116394,"z":-0.01697385124862194,"w":0.8241169452667236},"size":2.1134798526763918,"orthographic":false}