{"cameraMode":{"drawMode":0,"name":"Shaded","section":"Shading Mode"},"sceneLighting":false,"audioPlay":false,"sceneViewState":{"showFog":true,"showMaterialUpdate":false,"showSkybox":true,"showFlares":true,"showImageEffects":true,"showParticleSystems":true},"in2DMode":false,"pivot":{"x":-22.21847915649414,"y":-0.09362251311540604,"z":-17.235349655151368},"rotation":{"x":-0.0026966941077262165,"y":0.8935360312461853,"z":-0.005364727228879929,"w":-0.44895148277282717},"size":31.849794387817384,"orthographic":false}