{"cameraMode":{"drawMode":0,"name":"Shaded","section":"Shading Mode"},"sceneLighting":false,"audioPlay":false,"sceneViewState":{"showFog":true,"showMaterialUpdate":false,"showSkybox":true,"showFlares":true,"showImageEffects":true,"showParticleSystems":true},"in2DMode":false,"pivot":{"x":9.408956527709961,"y":4.689273357391357,"z":-4.064528465270996},"rotation":{"x":0.001059063826687634,"y":0.708166241645813,"z":-0.0010622814297676087,"w":0.7060441970825195},"size":3.300544023513794,"orthographic":false}