{"cameraMode":{"drawMode":0,"name":"Shaded","section":"Shading Mode"},"sceneLighting":false,"audioPlay":false,"sceneViewState":{"showFog":true,"showMaterialUpdate":false,"showSkybox":true,"showFlares":true,"showImageEffects":true,"showParticleSystems":true},"in2DMode":false,"pivot":{"x":0.5050027370452881,"y":0.3975219428539276,"z":-0.23928678035736085},"rotation":{"x":0.07542892545461655,"y":0.0033888318575918676,"z":0.00025637634098529816,"w":-0.997145414352417},"size":1.6087499856948853,"orthographic":false}