{"cameraMode":{"drawMode":0,"name":"Shaded","section":"Shading Mode"},"sceneLighting":false,"audioPlay":false,"sceneViewState":{"showFog":true,"showMaterialUpdate":false,"showSkybox":true,"showFlares":true,"showImageEffects":true,"showParticleSystems":true},"in2DMode":false,"pivot":{"x":1074.139404296875,"y":404.6146545410156,"z":-0.905439019203186},"rotation":{"x":0.00019195712229702622,"y":-0.0014024900738149882,"z":-0.00004726888801087625,"w":-0.9999989867210388},"size":529.20751953125,"orthographic":false}