{"cameraMode":{"drawMode":0,"name":"Shaded","section":"Shading Mode"},"sceneLighting":false,"audioPlay":false,"sceneViewState":{"showFog":true,"showMaterialUpdate":false,"showSkybox":true,"showFlares":true,"showImageEffects":true,"showParticleSystems":true},"in2DMode":false,"pivot":{"x":0.6633117198944092,"y":0.7873718738555908,"z":-0.4399021863937378},"rotation":{"x":0.018985772505402566,"y":0.9805929660797119,"z":-0.12271874397993088,"w":0.15171360969543458},"size":4.7430315017700199,"orthographic":false}