{"cameraMode":{"drawMode":0,"name":"Shaded","section":"Shading Mode"},"sceneLighting":false,"audioPlay":false,"sceneViewState":{"showFog":true,"showMaterialUpdate":false,"showSkybox":true,"showFlares":true,"showImageEffects":true,"showParticleSystems":true},"in2DMode":false,"pivot":{"x":-0.7232323884963989,"y":-1.8629589080810547,"z":6.887745380401611},"rotation":{"x":-0.12302456796169281,"y":0.05470145866274834,"z":-0.0067926254123449329,"w":-0.9908716678619385},"size":11.547019004821778,"orthographic":false}